id;reference;nom;prenom;naissance;sexe;etat_civil;fonction;email;tel;tel_fixe;adresse;remarque
1;Steel infrastructures;Zimbabwe Montana groupware;Buckinghamshire;2021-08-30;FEMME;CELIBATAIRE;backing Account;Abe_Mitchell@yahoo.com;coherent Handmade Account;FTP Texas;withdrawal panel;../fake-data/blob/hipster.txt
2;New port;Account;integrated even-keeled;2021-08-30;FEMME;CELIBATAIRE;Ohio withdrawal;Elyssa_Abernathy@gmail.com;Coordinator;Keyboard compressing Frozen;Concrete;../fake-data/blob/hipster.txt
3;synthesizing;Australia;Cambridgeshire override Movies;2021-08-30;HOMME;CELIBATAIRE;Progressive communities Fresh;Deven.Kuhn69@yahoo.com;Islands;Cotton dot-com;Open-architected;../fake-data/blob/hipster.txt
4;AI yellow;back;bandwidth;2021-08-30;FEMME;CELIBATAIRE;architecture;Kaylin_Hudson@hotmail.com;Account e-tailers Borders;Granite Directives;programming mindshare;../fake-data/blob/hipster.txt
5;Creative white Cotton;online Baby;channels;2021-08-30;HOMME;MARIE;Exclusive cross-media;Aryanna_Batz@hotmail.com;yellow;Iranian;Account Intelligent withdrawal;../fake-data/blob/hipster.txt
6;Paradigm Ergonomic;withdrawal;content-based Wooden time-frame;2021-08-30;HOMME;MARIE;redundant Plaza;Lera_Gerlach80@gmail.com;Senior Tuna;open-source;application;../fake-data/blob/hipster.txt
7;Guilder Global;Kansas;Licensed Investment Consultant;2021-08-30;HOMME;VEUF;Track;Bradford.Swift@gmail.com;green standardization Licensed;AI;tan;../fake-data/blob/hipster.txt
8;York array;Engineer;Garden;2021-08-30;HOMME;VEUF;Concrete Shoes;Adolph_Haag40@gmail.com;Awesome;Canyon;tan dynamic Consultant;../fake-data/blob/hipster.txt
9;Ohio Engineer Awesome;Handmade Dynamic Wyoming;Trace;2021-08-30;HOMME;CELIBATAIRE;synergize;Albina.Kreiger@hotmail.com;Soap Metal;indigo;bluetooth deposit;../fake-data/blob/hipster.txt
10;Gloves Frozen;Islands proactive Seamless;violet seamless Alabama;2021-08-29;FEMME;MARIE;Vista;Michaela52@gmail.com;web-enabled Indonesia schemas;wireless monitor sensor;Bacon bricks-and-clicks;../fake-data/blob/hipster.txt
